gene,guide_id,bulk_fitness,protospacer
AHR,AHR_-_17338164.23-P1P2,-0.215035328732,GAGACGGAATGGAATCCAGA
ARID1A,ARID1A_+_27022167.23-P1P2,-0.284590238864,GCCGCCTGGCAAACCCGGAG
ARRDC3,ARRDC3_-_90679309.23-P1P2,-0.125676943863,GGTACAGTAGGTGTAGAGCT
ATL1,ATL1_+_50999374.23-P1P2,-0.19142913410100001,GAGTGCTCGGGCGGGCCGCT
BAK1,BAK1_-_33548176.23-P1P2,-0.43871800894900004,GCAGGCAGGGCGGCTGTCAG
BCL2L11,BCL2L11_+_111878321.23-P1,-0.20640951778499997,GAGGCTCGGACAGGTAAAGG
BCORL1,BCORL1_+_129116290.23-P1P2,-0.059745886253899996,GGATCGCTGAGAGGACCGAG
BPGM,BPGM_+_134331476.23-P1P2,-0.115226089273,GCCTACTCCCGGAACAGGAG
C19orf26,C19orf26_+_1238161.23-P1P2,-0.0689290399195,GGTCCCTGGGACCTCAGGAC
C3orf72,C3orf72_-_138665944.23-P1P2,-0.461640315616,GCTCTGGCGGAGCTGCCTCC
CBFA2T3,CBFA2T3_+_89043662.23-P2,-0.091755291512,GACGCTGTAGGGCTCAGGGT
CBL,CBL_-_119076622.23-P1P2,-0.127245575962,GTACTGCGCAGACTCCACCT
CDKN1A,CDKN1A_+_36646320.23-P1P2,-0.17269675537300003,GAGCCTGGCCGAGTTCCAGC
CDKN1B,CDKN1B_+_12869867.23-P1P2,-0.11274638792000001,GAGCTCGCTAGGAGCCGGGG
CDKN1C,CDKN1C_-_2907198.23-P1P2,-0.417058077532,GGCCGCGCGCACACCCACCG
CEBPA,CEBPA_+_33793774.23-P1P2,-0.630083991237,GGCAGCCTCGGGATACTCCT
CEBPB,CEBPB_+_48807216.23-P1P2,-0.159058592809,GCGGCGGCAGGGCGCAGCGG
CEBPE,CEBPE_+_23588994.23-P1P2,-0.26382346088,GCCCCTCAAAAAACAAACCC
CELF2,CELF2_+_11059740.23-P1P2,-0.380021632052,GCTCCGCCCCGCGGGGACAC
CITED1,CITED1_+_71526082.23-P1,-0.141207750069,GCGGGTGCCCGCTTCTCCCG
CKS1B,CKS1B_-_61808483.23-ENST00000600888.1,-0.13080970697799998,GTGGGTGTTTCTCACAGAGG
CLDN6,CLDN6_-_3068282.23-P1P2,-0.106607901783,GACCCTGTCCCTGACGGCAG
CNN1,CNN1_-_11649410.23-P1,-0.0580268520966,GAGGCCCAATGGACAGTGGG
CNNM4,CNNM4_-_97426363.23-P1P2,-0.0627517146814,GCCGTGCGAGGCCGAGGAAC
COL1A1,COL1A1_+_48279052.23-P1P2,-0.365465057017,GCCGGCTCCCCCTCTCCGAG
COL2A1,COL2A1_+_48398427.23-P1P2,-0.242899075634,GAGCGTGACTCCCAGAGAGG
CSRNP1,CSRNP1_+_39196217.23-P1P2,0.05265844759880001,GAAGGTAGAATGGAATCCTG
DLX2,DLX2_-_172967845.23-P1P2,-0.0836540197228,GATGTGAGCAGCGAGGCGAG
DUSP9,DUSP9_+_152912501.23-P1,-0.22863847375,GGCTGGGGCTTCCACCGAGG
EGR1,EGR1_+_137800818.23-P1,-0.07558275804430001,GGAAGCGGCCGGGCCATATC
ELMSAN1,ELMSAN1_-_74227099.23-P1,0.0578343831011,GGGCGTCCTTAAACCTCAGG
ETS2,ETS2_+_40177604.23-P1P2,-0.0680418311094,GGAGGAGAGGGAACGCACGA
FEV,FEV_+_219850574.23-P1P2,-0.135422952621,GGAAGGGGTTCGGGTCTCTA
FOSB,FOSB_+_45971009.23-P1,-0.08647868630359999,GGATCCCGGCCCCGCCTTCC
FOXA1,FOXA1_-_38064583.23-P1P2,-0.23623665888700002,GCCGAGGTGCACCTGCAAGG
FOXA3,FOXA3_+_46367435.23-P1P2,-0.167183105088,GAGACAGACCTCAGGCGCCG
FOXF1,FOXF1_+_86544016.23-P1P2,-0.144342127001,GGCTGCACCTCTGCCGTCAT
FOXL2,FOXL2_+_138666046.23-P1P2,-0.198803621893,GAGATGAACTCGCCCGTGCG
FOXO4,FOXO4_-_70315963.23-P1P2,-0.278382695518,GAGGGCAGCAATCCGGGTGG
GLB1L2,GLB1L2_+_134201679.23-P1P2,-0.0570461159728,GTCTCGGTAGGAGAGGGGGC
HES7,HES7_-_8027539.23-P1P2,-0.175652975404,GCCCTCTAGGACCCGGCACG
HK2,HK2_+_75060993.23-P1P2,-0.0996654941201,GGCTAAAGGCTGGGACGGAA
HNF4A,HNF4A_+_43029788.23-P1P2,-0.270978337121,GTTAATCGGTCCCCCGCCGG
HOXA13,HOXA13_+_27239889.23-P1P2,-0.284698611296,GCGGGTGCACCGTGCAGAGC
HOXB9,HOXB9_+_46704211.23-P1P2,-0.153066171311,GGGCCTCTATGGCTTCTCCC
HOXC13,HOXC13_+_54332230.23-P1P2,-0.268271894064,GGCCGACGCAAAGGGGTGTA
IER5L,IER5L_+_131940785.23-P1P2,-0.213153060256,GCTGCAGACTGCGGCCCCGG
IGDCC3,IGDCC3_+_65670566.23-P1P2,-0.32735389267799997,GCTGCAGCCCGGGACGGCGC
IKZF3,IKZF3_-_38020571.23-P1P2,-0.34831208049199996,GCCGGTGCGCGGGGTTACAG
IRF1,IRF1_+_131826642.23-P1P2,-0.0944351978067,GCGCCCGGCCGGAGAGGGTG
ISL2,ISL2_-_76628853.23-P1P2,-0.0780709107305,GCATGAGAGAGGATCCTTGT
JUN,JUN_+_59249990.23-P1P2,-0.279743398996,GGGGAAAAACGGCCCGGGGA
KIAA1804,KIAA1804_-_233463315.23-P1P2,-0.199728470733,GCGCCCGGGACGGGTCAAGG
KIF18B,KIF18B_-_43025293.23-P1P2,-0.261900985917,GTTTCCCAGGCGGTGTCTCC
KIF2C,KIF2C_-_45205402.23-P1P2,-0.202003101849,GGGTGCCAAGCGTAGGAAGA
KLF1,KLF1_+_12998353.23-P1P2,0.0892969196136,GGGGCTGTGGAGCCTCAATC
KMT2A,KMT2A_+_118306901.23-P1P2,-0.119236459832,GAGAGGCATTGCTCGGGAAA
LHX1,LHX1_+_35293972.23-P1P2,-0.132392710403,GTAAACCATTCTGCATCCCC
LYL1,LYL1_-_13213808.23-P1P2,-0.08827818870100002,GCTCGGTCCGCCACCCCTCA
MAML2,MAML2_-_96076530.23-P1P2,0.0500717715059,GAACGCAGAGGGCCTCCCAG
MAP2K3,MAP2K3_-_21187855.23-P1P2,0.08576137163830001,GGGACTTGACAGAGAGCGGG
MAP2K6,MAP2K6_+_67410755.23-P1P2,0.0680550731321,GGTTCTCCGGCGGAGTCCAC
MAP4K3,MAP4K3_+_39664622.23-P1P2,-0.0696569575361,GCGGGTCCGCAGAAAAGCCG
MAP4K5,MAP4K5_-_50999552.23-P1P2,-0.0596827398843,GCACACGCCTGGGCATTCGT
MAP7D1,MAP7D1_+_36621468.23-P1P2,-0.0765066225355,GGGACTAAGTAGGGAGCGCT
MAPK1,MAPK1_+_22222272.23-P1P2,-0.24178725598900003,GACAGCCCGGGGTCCCTCGC
MEIS1,MEIS1_+_66662147.23-P1P2,-0.0551529664901,GGGGTGCGCGAAGCGAGCTC
MIDN,MIDN_-_1248372.23-P2,-0.10675475234699999,GCGGGCCGAGACCCTTGGCT
NCL,NCL_-_232329555.23-P1,-0.07677993520560002,GCCAATGTGGCTGGGTCCGT
NIT1,NIT1_+_161087799.23-P1P2,-0.478463979581,GCGAAGATGGCGGAGAACAG
OSR2,OSR2_-_99956605.23-P1P2,-0.0724390077363,GCGCTGAGGGCCCCGCGCGG
PLK4,PLK4_+_128801906.23-P1P2,-0.128977653936,GAGAGTTTAGTTCGGGCGGG
POU3F2,POU3F2_-_99282213.23-P1P2,-0.114067847444,GCCCCGGGTGAGGAAGAAGC
PRDM1,PRDM1_-_106534101.23-P1P2,-0.259610682964,GCGGCTGTGCTAGCAATCTG
PRTG,PRTG_+_56035430.23-P1P2,-0.503583106429,GCCTCCCTGGCCCAGACCAA
PTPN1,PTPN1_-_49126654.23-P1P2,-0.18558652360800001,GTGGAACTCAATGCCCTCCC
PTPN12,PTPN12_-_77166524.23-P1P2,-0.0499480552604,GGCTAGCTGTGTTCCTGAGG
PTPN13,PTPN13_-_87515370.23-P1P2,-0.0917854608529,GGGTCGAGGGGAGCTCGGGG
PTPN9,PTPN9_-_75871826.23-P1P2,-0.135265102607,GGCGAGGACGCAGTCCGGGA
RHOXF2,RHOXF2_+_119292286.23-ENST00000371388.3,-0.33519892307599997,GCATGCGTTGTCCTGTAGAC
RHOXF2B,RHOXF2B_-_119211886.23-ENST00000371402.2,-0.33519892307599997,GCATGCGTTGTCCTGTAGAC
RREB1,RREB1_+_7107890.23-P1P2,-0.106799994616,GGCGGCGCTCGGACTGGGGG
RUNX1T1,RUNX1T1_+_93115606.23-P2,-0.055988056011699996,GCGCCGGAGCCGGCCTGATG
S1PR2,S1PR2_+_10342062.23-P1P2,-0.0755000653,GAGCCGCCGCCGGAAAGGGG
SAMD1,SAMD1_+_14201736.23-P1P2,-0.0819970530884,GGAGCGCAGGGTAAAGGGGG
SET,SET_+_131451355.23-P1P2,-0.155702354474,GCACAGGGCCCGGCGAGAGG
SGK1,SGK1_-_134496214.23-P1,-0.119131584494,GCGCGAGGACCGCCCGGGGA
SLC4A1,SLC4A1_+_42345604.23-P1P2,-0.22999066939800003,GCACCCAGTGGGAGCGGGGT
SLC6A9,SLC6A9_+_44497266.23-P1P2,-0.089977914279,GAGAAGTCGGCACGGGAGGA
SNAI1,SNAI1_+_48599338.23-P1P2,-0.169142306212,GTGGCCGGGCTCGCGCCGCG
SPI1,SPI1_+_47400397.23-P1P2,-0.438389210964,GGGTGACTGTTGGCTACATA
STIL,STIL_-_47780136.23-P1P2,-0.21030966090199998,GGAAAGCCCAGCTAGGTAGA
TBX2,TBX2_+_59477100.23-P1P2,-0.118790532917,GGCCAAGCTCCGGCCGGGAG
TBX3,TBX3_-_115122232.23-P1P2,-0.087837669165,GGGGCGGGCGGGAGCCACTG
TGFBR2,TGFBR2_-_30647920.23-P1P2,-0.477813380229,GGTGAGGGGCAGCTGAAAGT
TMSB4X,TMSB4X_+_12993106.23-P1,-0.05101066739849999,GACGGCATCCGGAGGCCTGC
TP73,TP73_-_3568729.23-P1P2,-0.37766581626100004,GTCGGGCACAGAGTCGGCAC
TSC22D1,TSC22D1_-_45011354.23-P1P2,-0.058999414259599994,GTCCCCGGAGCTGTGTCCCG
UBASH3A,UBASH3A_+_43823772.23-P1P2,-0.0892675795666,GATCAGCCTCTGTAGGGACT
UBASH3B,UBASH3B_-_122526266.23-P1P2,-0.09010332759749999,GAGCACACAAGCAGCCCATA
ZBTB1,ZBTB1_+_64970303.23-P1P2,-0.11527336510399999,GCGCGAGCCACCCAGGGCGG
ZBTB10,ZBTB10_+_81398318.23-P1P2,-0.286973099904,GGCGCCAGGGGACCGGGAAA
ZBTB25,ZBTB25_-_64971449.23-P1P2,-0.089819227856,GAAGCGGGGCCGGCTCAGTG
ZC3HAV1,ZC3HAV1_+_138794578.23-P1P2,0.11292224846599999,GTCGCAGGAAGCGCTCGCTA
ZNF318,ZNF318_+_43337335.23-P1P2,-0.055764101529299996,GGAGGAGCGGGGAACCCCGG
